id,generic_name,scientific_name,english_name,sex,file_url,length
668542,Ninox,novaeseelandiae,Morepork,uncertain,https://xeno-canto.org/668542/download,0:37
638197,Ninox,novaeseelandiae,Morepork,uncertain,https://xeno-canto.org/638197/download,0:48
602419,Ninox,novaeseelandiae,Morepork,uncertain,https://xeno-canto.org/602419/download,0:20
405536,Ninox,novaeseelandiae,Morepork,,https://xeno-canto.org/405536/download,0:20
404843,Ninox,novaeseelandiae,Morepork,male,https://xeno-canto.org/404843/download,1:17
354393,Ninox,novaeseelandiae,Morepork,,https://xeno-canto.org/354393/download,0:57
114338,Ninox,novaeseelandiae,Morepork,,https://xeno-canto.org/114338/download,0:38
33770,Ninox,novaeseelandiae,Morepork,,https://xeno-canto.org/33770/download,0:29
345370,Ninox,novaeseelandiae,Morepork,,https://xeno-canto.org/345370/download,1:32
206471,Ninox,novaeseelandiae,Morepork,,https://xeno-canto.org/206471/download,0:13
153818,Ninox,novaeseelandiae,Morepork,,https://xeno-canto.org/153818/download,1:22
963598,Nestor,meridionalis,Kaka,male,https://xeno-canto.org/963598/download,0:35
963596,Nestor,meridionalis,Kaka,male,https://xeno-canto.org/963596/download,1:11
963595,Nestor,meridionalis,Kaka,male,https://xeno-canto.org/963595/download,1:06
959427,Nestor,meridionalis,Kaka,male,https://xeno-canto.org/959427/download,0:14
326938,Nestor,meridionalis,Kaka,,https://xeno-canto.org/326938/download,0:33
962687,Nestor,meridionalis,Kaka,uncertain,https://xeno-canto.org/962687/download,1:28
925377,Nestor,meridionalis,Kaka,uncertain,https://xeno-canto.org/925377/download,2:12
295408,Nestor,meridionalis,Kaka,,https://xeno-canto.org/295408/download,1:00
293133,Nestor,meridionalis,Kaka,,https://xeno-canto.org/293133/download,0:48
979583,Prosthemadera,novaeseelandiae,Tui,uncertain,https://xeno-canto.org/979583/download,0:24
979580,Prosthemadera,novaeseelandiae,Tui,uncertain,https://xeno-canto.org/979580/download,6:31
979576,Prosthemadera,novaeseelandiae,Tui,uncertain,https://xeno-canto.org/979576/download,4:20
979573,Prosthemadera,novaeseelandiae,Tui,uncertain,https://xeno-canto.org/979573/download,6:25
979570,Prosthemadera,novaeseelandiae,Tui,uncertain,https://xeno-canto.org/979570/download,1:22
979569,Prosthemadera,novaeseelandiae,Tui,uncertain,https://xeno-canto.org/979569/download,1:19
975481,Prosthemadera,novaeseelandiae,Tui,uncertain,https://xeno-canto.org/975481/download,1:39
975474,Prosthemadera,novaeseelandiae,Tui,uncertain,https://xeno-canto.org/975474/download,0:31
975467,Prosthemadera,novaeseelandiae,Tui,uncertain,https://xeno-canto.org/975467/download,1:36
975461,Prosthemadera,novaeseelandiae,Tui,uncertain,https://xeno-canto.org/975461/download,1:49
975454,Prosthemadera,novaeseelandiae,Tui,uncertain,https://xeno-canto.org/975454/download,2:26
975449,Prosthemadera,novaeseelandiae,Tui,uncertain,https://xeno-canto.org/975449/download,4:31
975439,Prosthemadera,novaeseelandiae,Tui,uncertain,https://xeno-canto.org/975439/download,3:38
975435,Prosthemadera,novaeseelandiae,Tui,uncertain,https://xeno-canto.org/975435/download,1:52
975431,Prosthemadera,novaeseelandiae,Tui,uncertain,https://xeno-canto.org/975431/download,2:50
975424,Prosthemadera,novaeseelandiae,Tui,uncertain,https://xeno-canto.org/975424/download,0:17
975421,Prosthemadera,novaeseelandiae,Tui,uncertain,https://xeno-canto.org/975421/download,3:05
975414,Prosthemadera,novaeseelandiae,Tui,uncertain,https://xeno-canto.org/975414/download,1:40
975412,Prosthemadera,novaeseelandiae,Tui,uncertain,https://xeno-canto.org/975412/download,1:00
961546,Prosthemadera,novaeseelandiae,Tui,uncertain,https://xeno-canto.org/961546/download,1:14
959356,Prosthemadera,novaeseelandiae,Tui,uncertain,https://xeno-canto.org/959356/download,2:15
959355,Prosthemadera,novaeseelandiae,Tui,uncertain,https://xeno-canto.org/959355/download,4:13
959027,Prosthemadera,novaeseelandiae,Tui,male,https://xeno-canto.org/959027/download,2:18
958861,Prosthemadera,novaeseelandiae,Tui,uncertain,https://xeno-canto.org/958861/download,1:19
958860,Prosthemadera,novaeseelandiae,Tui,uncertain,https://xeno-canto.org/958860/download,1:29
958859,Prosthemadera,novaeseelandiae,Tui,uncertain,https://xeno-canto.org/958859/download,0:55
958857,Prosthemadera,novaeseelandiae,Tui,uncertain,https://xeno-canto.org/958857/download,1:29
958850,Prosthemadera,novaeseelandiae,Tui,male,https://xeno-canto.org/958850/download,2:36
958849,Prosthemadera,novaeseelandiae,Tui,male,https://xeno-canto.org/958849/download,2:00
958846,Prosthemadera,novaeseelandiae,Tui,male,https://xeno-canto.org/958846/download,1:35
958039,Prosthemadera,novaeseelandiae,Tui,male,https://xeno-canto.org/958039/download,1:36
958028,Prosthemadera,novaeseelandiae,Tui,male,https://xeno-canto.org/958028/download,1:26
957405,Prosthemadera,novaeseelandiae,Tui,uncertain,https://xeno-canto.org/957405/download,1:26
957403,Prosthemadera,novaeseelandiae,Tui,male,https://xeno-canto.org/957403/download,0:54
956965,Prosthemadera,novaeseelandiae,Tui,uncertain,https://xeno-canto.org/956965/download,1:51
956959,Prosthemadera,novaeseelandiae,Tui,uncertain,https://xeno-canto.org/956959/download,1:56
956615,Prosthemadera,novaeseelandiae,Tui,male,https://xeno-canto.org/956615/download,2:00
956611,Prosthemadera,novaeseelandiae,Tui,male,https://xeno-canto.org/956611/download,2:11
956332,Prosthemadera,novaeseelandiae,Tui,uncertain,https://xeno-canto.org/956332/download,1:00
956104,Prosthemadera,novaeseelandiae,Tui,uncertain,https://xeno-canto.org/956104/download,5:16
956103,Prosthemadera,novaeseelandiae,Tui,uncertain,https://xeno-canto.org/956103/download,1:18
956101,Prosthemadera,novaeseelandiae,Tui,uncertain,https://xeno-canto.org/956101/download,0:10
956098,Prosthemadera,novaeseelandiae,Tui,uncertain,https://xeno-canto.org/956098/download,0:51
956097,Prosthemadera,novaeseelandiae,Tui,uncertain,https://xeno-canto.org/956097/download,0:21
956095,Prosthemadera,novaeseelandiae,Tui,uncertain,https://xeno-canto.org/956095/download,0:14
927463,Prosthemadera,novaeseelandiae,Tui,uncertain,https://xeno-canto.org/927463/download,2:47
927460,Prosthemadera,novaeseelandiae,Tui,uncertain,https://xeno-canto.org/927460/download,3:27
927459,Prosthemadera,novaeseelandiae,Tui,uncertain,https://xeno-canto.org/927459/download,1:51
927457,Prosthemadera,novaeseelandiae,Tui,uncertain,https://xeno-canto.org/927457/download,3:57
927436,Prosthemadera,novaeseelandiae,Tui,uncertain,https://xeno-canto.org/927436/download,1:15
927433,Prosthemadera,novaeseelandiae,Tui,uncertain,https://xeno-canto.org/927433/download,0:14
927430,Prosthemadera,novaeseelandiae,Tui,uncertain,https://xeno-canto.org/927430/download,0:13
926290,Prosthemadera,novaeseelandiae,Tui,uncertain,https://xeno-canto.org/926290/download,8:37
926289,Prosthemadera,novaeseelandiae,Tui,uncertain,https://xeno-canto.org/926289/download,1:23
926288,Prosthemadera,novaeseelandiae,Tui,uncertain,https://xeno-canto.org/926288/download,2:15
926286,Prosthemadera,novaeseelandiae,Tui,uncertain,https://xeno-canto.org/926286/download,0:42
925495,Prosthemadera,novaeseelandiae,Tui,uncertain,https://xeno-canto.org/925495/download,2:22
925493,Prosthemadera,novaeseelandiae,Tui,uncertain,https://xeno-canto.org/925493/download,9:24
925480,Prosthemadera,novaeseelandiae,Tui,uncertain,https://xeno-canto.org/925480/download,1:42
925479,Prosthemadera,novaeseelandiae,Tui,uncertain,https://xeno-canto.org/925479/download,3:32
915121,Prosthemadera,novaeseelandiae,Tui,uncertain,https://xeno-canto.org/915121/download,0:59
892546,Prosthemadera,novaeseelandiae,Tui,uncertain,https://xeno-canto.org/892546/download,0:55
857787,Prosthemadera,novaeseelandiae,Tui,uncertain,https://xeno-canto.org/857787/download,3:51
856418,Prosthemadera,novaeseelandiae,Tui,uncertain,https://xeno-canto.org/856418/download,4:42
843914,Prosthemadera,novaeseelandiae,Tui,uncertain,https://xeno-canto.org/843914/download,0:45
842783,Prosthemadera,novaeseelandiae,Tui,uncertain,https://xeno-canto.org/842783/download,2:09
842782,Prosthemadera,novaeseelandiae,Tui,uncertain,https://xeno-canto.org/842782/download,3:31
842766,Prosthemadera,novaeseelandiae,Tui,uncertain,https://xeno-canto.org/842766/download,1:30
842746,Prosthemadera,novaeseelandiae,Tui,uncertain,https://xeno-canto.org/842746/download,0:35
842718,Prosthemadera,novaeseelandiae,Tui,uncertain,https://xeno-canto.org/842718/download,1:15
842663,Prosthemadera,novaeseelandiae,Tui,uncertain,https://xeno-canto.org/842663/download,0:15
842660,Prosthemadera,novaeseelandiae,Tui,uncertain,https://xeno-canto.org/842660/download,0:38
842656,Prosthemadera,novaeseelandiae,Tui,uncertain,https://xeno-canto.org/842656/download,0:08
842652,Prosthemadera,novaeseelandiae,Tui,uncertain,https://xeno-canto.org/842652/download,0:36
842651,Prosthemadera,novaeseelandiae,Tui,uncertain,https://xeno-canto.org/842651/download,0:50
842647,Prosthemadera,novaeseelandiae,Tui,,https://xeno-canto.org/842647/download,1:36
842514,Prosthemadera,novaeseelandiae,Tui,uncertain,https://xeno-canto.org/842514/download,1:00
684497,Prosthemadera,novaeseelandiae,Tui,male,https://xeno-canto.org/684497/download,3:04
562526,Prosthemadera,novaeseelandiae,Tui,,https://xeno-canto.org/562526/download,3:46
500855,Prosthemadera,novaeseelandiae,Tui,,https://xeno-canto.org/500855/download,1:25
500854,Prosthemadera,novaeseelandiae,Tui,,https://xeno-canto.org/500854/download,1:19
500853,Prosthemadera,novaeseelandiae,Tui,,https://xeno-canto.org/500853/download,2:16
500852,Prosthemadera,novaeseelandiae,Tui,,https://xeno-canto.org/500852/download,1:34
500848,Prosthemadera,novaeseelandiae,Tui,,https://xeno-canto.org/500848/download,0:28
500846,Prosthemadera,novaeseelandiae,Tui,,https://xeno-canto.org/500846/download,2:40
481387,Prosthemadera,novaeseelandiae,Tui,,https://xeno-canto.org/481387/download,0:04
465230,Prosthemadera,novaeseelandiae,Tui,,https://xeno-canto.org/465230/download,0:50
378281,Prosthemadera,novaeseelandiae,Tui,,https://xeno-canto.org/378281/download,2:37
378279,Prosthemadera,novaeseelandiae,Tui,,https://xeno-canto.org/378279/download,1:56
378278,Prosthemadera,novaeseelandiae,Tui,,https://xeno-canto.org/378278/download,1:56
378275,Prosthemadera,novaeseelandiae,Tui,,https://xeno-canto.org/378275/download,2:34
349523,Prosthemadera,novaeseelandiae,Tui,male,https://xeno-canto.org/349523/download,2:05
348767,Prosthemadera,novaeseelandiae,Tui,,https://xeno-canto.org/348767/download,1:30
348752,Prosthemadera,novaeseelandiae,Tui,,https://xeno-canto.org/348752/download,2:33
347358,Prosthemadera,novaeseelandiae,Tui,male,https://xeno-canto.org/347358/download,2:45
321682,Prosthemadera,novaeseelandiae,Tui,,https://xeno-canto.org/321682/download,0:24
293355,Prosthemadera,novaeseelandiae,Tui,,https://xeno-canto.org/293355/download,1:46
214591,Prosthemadera,novaeseelandiae,Tui,,https://xeno-canto.org/214591/download,0:26
207006,Prosthemadera,novaeseelandiae,Tui,,https://xeno-canto.org/207006/download,0:17
206472,Prosthemadera,novaeseelandiae,Tui,,https://xeno-canto.org/206472/download,0:46
198859,Prosthemadera,novaeseelandiae,Tui,,https://xeno-canto.org/198859/download,1:24
198851,Prosthemadera,novaeseelandiae,Tui,male,https://xeno-canto.org/198851/download,1:00
70960,Prosthemadera,novaeseelandiae,Tui,,https://xeno-canto.org/70960/download,0:25
40495,Prosthemadera,novaeseelandiae,Tui,,https://xeno-canto.org/40495/download,0:09
33763,Prosthemadera,novaeseelandiae,Tui,,https://xeno-canto.org/33763/download,0:50
1018180,Prosthemadera,novaeseelandiae,Tui,uncertain,https://xeno-canto.org/1018180/download,0:54
1016906,Prosthemadera,novaeseelandiae,Tui,uncertain,https://xeno-canto.org/1016906/download,5:23
1016905,Prosthemadera,novaeseelandiae,Tui,uncertain,https://xeno-canto.org/1016905/download,1:46
1015676,Prosthemadera,novaeseelandiae,Tui,uncertain,https://xeno-canto.org/1015676/download,4:57
1015673,Prosthemadera,novaeseelandiae,Tui,uncertain,https://xeno-canto.org/1015673/download,6:09
961547,Prosthemadera,novaeseelandiae,Tui,uncertain,https://xeno-canto.org/961547/download,0:50
958022,Prosthemadera,novaeseelandiae,Tui,male,https://xeno-canto.org/958022/download,0:53
933621,Prosthemadera,novaeseelandiae,Tui,uncertain,https://xeno-canto.org/933621/download,1:22
932341,Prosthemadera,novaeseelandiae,Tui,uncertain,https://xeno-canto.org/932341/download,6:41
858184,Prosthemadera,novaeseelandiae,Tui,uncertain,https://xeno-canto.org/858184/download,3:13
858148,Prosthemadera,novaeseelandiae,Tui,male,https://xeno-canto.org/858148/download,1:21
857986,Prosthemadera,novaeseelandiae,Tui,male,https://xeno-canto.org/857986/download,0:57
857985,Prosthemadera,novaeseelandiae,Tui,uncertain,https://xeno-canto.org/857985/download,3:12
845675,Prosthemadera,novaeseelandiae,Tui,male,https://xeno-canto.org/845675/download,1:00
844573,Prosthemadera,novaeseelandiae,Tui,uncertain,https://xeno-canto.org/844573/download,0:07
844002,Prosthemadera,novaeseelandiae,Tui,uncertain,https://xeno-canto.org/844002/download,1:16
842743,Prosthemadera,novaeseelandiae,Tui,uncertain,https://xeno-canto.org/842743/download,2:23
842649,Prosthemadera,novaeseelandiae,Tui,uncertain,https://xeno-canto.org/842649/download,0:37
842592,Prosthemadera,novaeseelandiae,Tui,uncertain,https://xeno-canto.org/842592/download,1:31
842580,Prosthemadera,novaeseelandiae,Tui,uncertain,https://xeno-canto.org/842580/download,0:07
584543,Prosthemadera,novaeseelandiae,Tui,,https://xeno-canto.org/584543/download,8:18
537882,Prosthemadera,novaeseelandiae,Tui,,https://xeno-canto.org/537882/download,1:36
500849,Prosthemadera,novaeseelandiae,Tui,,https://xeno-canto.org/500849/download,0:17
500845,Prosthemadera,novaeseelandiae,Tui,,https://xeno-canto.org/500845/download,0:24
500844,Prosthemadera,novaeseelandiae,Tui,,https://xeno-canto.org/500844/download,0:58
466588,Prosthemadera,novaeseelandiae,Tui,,https://xeno-canto.org/466588/download,0:33
466587,Prosthemadera,novaeseelandiae,Tui,,https://xeno-canto.org/466587/download,1:18
463741,Prosthemadera,novaeseelandiae,Tui,,https://xeno-canto.org/463741/download,1:25
463737,Prosthemadera,novaeseelandiae,Tui,,https://xeno-canto.org/463737/download,1:32
435770,Prosthemadera,novaeseelandiae,Tui,,https://xeno-canto.org/435770/download,1:14
404851,Prosthemadera,novaeseelandiae,Tui,male,https://xeno-canto.org/404851/download,1:02
396544,Prosthemadera,novaeseelandiae,Tui,,https://xeno-canto.org/396544/download,0:22
378277,Prosthemadera,novaeseelandiae,Tui,,https://xeno-canto.org/378277/download,4:01
378276,Prosthemadera,novaeseelandiae,Tui,,https://xeno-canto.org/378276/download,1:54
378236,Prosthemadera,novaeseelandiae,Tui,,https://xeno-canto.org/378236/download,0:12
378234,Prosthemadera,novaeseelandiae,Tui,,https://xeno-canto.org/378234/download,0:31
378226,Prosthemadera,novaeseelandiae,Tui,,https://xeno-canto.org/378226/download,1:18
378225,Prosthemadera,novaeseelandiae,Tui,,https://xeno-canto.org/378225/download,0:16
378224,Prosthemadera,novaeseelandiae,Tui,,https://xeno-canto.org/378224/download,1:40
344713,Prosthemadera,novaeseelandiae,Tui,,https://xeno-canto.org/344713/download,0:26
331536,Prosthemadera,novaeseelandiae,Tui,,https://xeno-canto.org/331536/download,0:38
293304,Prosthemadera,novaeseelandiae,Tui,,https://xeno-canto.org/293304/download,0:11
293068,Prosthemadera,novaeseelandiae,Tui,,https://xeno-canto.org/293068/download,1:21
207334,Prosthemadera,novaeseelandiae,Tui,,https://xeno-canto.org/207334/download,0:30
207315,Prosthemadera,novaeseelandiae,Tui,,https://xeno-canto.org/207315/download,0:09
198860,Prosthemadera,novaeseelandiae,Tui,,https://xeno-canto.org/198860/download,0:17
33764,Prosthemadera,novaeseelandiae,Tui,,https://xeno-canto.org/33764/download,1:58
959319,Anthornis,melanura,Bellbird,uncertain,https://xeno-canto.org/959319/download,1:50
956723,Anthornis,melanura,Bellbird,uncertain,https://xeno-canto.org/956723/download,2:16
956713,Anthornis,melanura,Bellbird,male,https://xeno-canto.org/956713/download,1:46
956708,Anthornis,melanura,Bellbird,male,https://xeno-canto.org/956708/download,1:20
956637,Anthornis,melanura,Bellbird,uncertain,https://xeno-canto.org/956637/download,0:54
925267,Anthornis,melanura,Bellbird,uncertain,https://xeno-canto.org/925267/download,23:40
925265,Anthornis,melanura,Bellbird,uncertain,https://xeno-canto.org/925265/download,11:04
925263,Anthornis,melanura,Bellbird,uncertain,https://xeno-canto.org/925263/download,0:42
925262,Anthornis,melanura,Bellbird,uncertain,https://xeno-canto.org/925262/download,0:37
925261,Anthornis,melanura,Bellbird,uncertain,https://xeno-canto.org/925261/download,0:24
925259,Anthornis,melanura,Bellbird,uncertain,https://xeno-canto.org/925259/download,1:17
856449,Anthornis,melanura,Bellbird,uncertain,https://xeno-canto.org/856449/download,0:54
843997,Anthornis,melanura,Bellbird,uncertain,https://xeno-canto.org/843997/download,3:08
843994,Anthornis,melanura,Bellbird,uncertain,https://xeno-canto.org/843994/download,1:40
842925,Anthornis,melanura,Bellbird,uncertain,https://xeno-canto.org/842925/download,1:35
842722,Anthornis,melanura,Bellbird,uncertain,https://xeno-canto.org/842722/download,0:55
663169,Anthornis,melanura,Bellbird,uncertain,https://xeno-canto.org/663169/download,3:06
509572,Anthornis,melanura,Bellbird,male,https://xeno-canto.org/509572/download,1:31
506507,Anthornis,melanura,Bellbird,,https://xeno-canto.org/506507/download,0:22
475984,Anthornis,melanura,Bellbird,,https://xeno-canto.org/475984/download,1:41
474021,Anthornis,melanura,Bellbird,,https://xeno-canto.org/474021/download,2:28
428804,Anthornis,melanura,Bellbird,,https://xeno-canto.org/428804/download,0:23
360586,Anthornis,melanura,Bellbird,,https://xeno-canto.org/360586/download,0:43
348789,Anthornis,melanura,Bellbird,,https://xeno-canto.org/348789/download,1:21
348753,Anthornis,melanura,Bellbird,,https://xeno-canto.org/348753/download,1:05
345382,Anthornis,melanura,Bellbird,,https://xeno-canto.org/345382/download,0:11
344384,Anthornis,melanura,Bellbird,,https://xeno-canto.org/344384/download,1:03
293344,Anthornis,melanura,Bellbird,,https://xeno-canto.org/293344/download,1:33
293305,Anthornis,melanura,Bellbird,,https://xeno-canto.org/293305/download,1:07
213409,Anthornis,melanura,Bellbird,male,https://xeno-canto.org/213409/download,4:58
152939,Anthornis,melanura,Bellbird,,https://xeno-canto.org/152939/download,0:34
112821,Anthornis,melanura,Bellbird,,https://xeno-canto.org/112821/download,1:15
96768,Anthornis,melanura,Bellbird,,https://xeno-canto.org/96768/download,1:54
46601,Anthornis,melanura,Bellbird,,https://xeno-canto.org/46601/download,0:57
46600,Anthornis,melanura,Bellbird,,https://xeno-canto.org/46600/download,1:27
40098,Anthornis,melanura,Bellbird,,https://xeno-canto.org/40098/download,0:16
33750,Anthornis,melanura,Bellbird,,https://xeno-canto.org/33750/download,1:58
961717,Anthornis,melanura,Bellbird,male,https://xeno-canto.org/961717/download,0:19
951721,Anthornis,melanura,Bellbird,uncertain,https://xeno-canto.org/951721/download,1:13
893944,Anthornis,melanura,Bellbird,uncertain,https://xeno-canto.org/893944/download,0:27
893943,Anthornis,melanura,Bellbird,uncertain,https://xeno-canto.org/893943/download,0:18
858135,Anthornis,melanura,Bellbird,uncertain,https://xeno-canto.org/858135/download,1:03
855719,Anthornis,melanura,Bellbird,uncertain,https://xeno-canto.org/855719/download,2:07
843988,Anthornis,melanura,Bellbird,uncertain,https://xeno-canto.org/843988/download,2:03
842744,Anthornis,melanura,Bellbird,uncertain,https://xeno-canto.org/842744/download,1:12
842719,Anthornis,melanura,Bellbird,uncertain,https://xeno-canto.org/842719/download,1:44
466570,Anthornis,melanura,Bellbird,,https://xeno-canto.org/466570/download,0:14
451328,Anthornis,melanura,Bellbird,,https://xeno-canto.org/451328/download,1:41
404852,Anthornis,melanura,Bellbird,male,https://xeno-canto.org/404852/download,0:40
345372,Anthornis,melanura,Bellbird,,https://xeno-canto.org/345372/download,1:06
344383,Anthornis,melanura,Bellbird,,https://xeno-canto.org/344383/download,1:28
214879,Anthornis,melanura,Bellbird,,https://xeno-canto.org/214879/download,0:27
206330,Anthornis,melanura,Bellbird,,https://xeno-canto.org/206330/download,0:19
153005,Anthornis,melanura,Bellbird,,https://xeno-canto.org/153005/download,2:10
46586,Anthornis,melanura,Bellbird,,https://xeno-canto.org/46586/download,0:36
958847,Philesturnus,rufusater,Saddleback,male,https://xeno-canto.org/958847/download,0:12
956969,Philesturnus,rufusater,Saddleback,male,https://xeno-canto.org/956969/download,3:53
956952,Philesturnus,rufusater,Saddleback,male,https://xeno-canto.org/956952/download,4:32
956701,Philesturnus,rufusater,Saddleback,male,https://xeno-canto.org/956701/download,2:04
925458,Philesturnus,rufusater,Saddleback,uncertain,https://xeno-canto.org/925458/download,0:21
925457,Philesturnus,rufusater,Saddleback,,https://xeno-canto.org/925457/download,0:21
925455,Philesturnus,rufusater,Saddleback,,https://xeno-canto.org/925455/download,1:27
925454,Philesturnus,rufusater,Saddleback,,https://xeno-canto.org/925454/download,0:13
794902,Philesturnus,rufusater,Saddleback,uncertain,https://xeno-canto.org/794902/download,0:25
794892,Philesturnus,rufusater,Saddleback,uncertain,https://xeno-canto.org/794892/download,0:45
348780,Philesturnus,rufusater,Saddleback,,https://xeno-canto.org/348780/download,0:15
348779,Philesturnus,rufusater,Saddleback,,https://xeno-canto.org/348779/download,0:10
114331,Philesturnus,rufusater,Saddleback,,https://xeno-canto.org/114331/download,0:20
114330,Philesturnus,rufusater,Saddleback,,https://xeno-canto.org/114330/download,0:15
33757,Philesturnus,rufusater,Saddleback,,https://xeno-canto.org/33757/download,0:04
925453,Philesturnus,rufusater,Saddleback,,https://xeno-canto.org/925453/download,1:37
476162,Philesturnus,rufusater,Saddleback,,https://xeno-canto.org/476162/download,0:55
466584,Philesturnus,rufusater,Saddleback,,https://xeno-canto.org/466584/download,1:15
293309,Philesturnus,rufusater,Saddleback,,https://xeno-canto.org/293309/download,0:16
293306,Philesturnus,rufusater,Saddleback,,https://xeno-canto.org/293306/download,1:05
206331,Philesturnus,rufusater,Saddleback,,https://xeno-canto.org/206331/download,0:12
112766,Philesturnus,rufusater,Saddleback,,https://xeno-canto.org/112766/download,0:14
345380,Philesturnus,carunculatus,Saddleback,,https://xeno-canto.org/345380/download,0:19
473409,Philesturnus,carunculatus,Saddleback,,https://xeno-canto.org/473409/download,1:51
466568,Philesturnus,carunculatus,Saddleback,,https://xeno-canto.org/466568/download,0:20
428793,Philesturnus,carunculatus,Saddleback,,https://xeno-canto.org/428793/download,0:16
288044,Philesturnus,carunculatus,Saddleback,,https://xeno-canto.org/288044/download,0:09
963592,Mohoua,albicilla,Whitehead,male,https://xeno-canto.org/963592/download,1:31
959696,Mohoua,albicilla,Whitehead,uncertain,https://xeno-canto.org/959696/download,0:24
959320,Mohoua,albicilla,Whitehead,uncertain,https://xeno-canto.org/959320/download,1:05
959030,Mohoua,albicilla,Whitehead,male,https://xeno-canto.org/959030/download,1:28
959028,Mohoua,albicilla,Whitehead,male,https://xeno-canto.org/959028/download,3:00
958866,Mohoua,albicilla,Whitehead,uncertain,https://xeno-canto.org/958866/download,1:53
958852,Mohoua,albicilla,Whitehead,uncertain,https://xeno-canto.org/958852/download,1:22
958041,Mohoua,albicilla,Whitehead,male,https://xeno-canto.org/958041/download,1:57
958029,Mohoua,albicilla,Whitehead,male,https://xeno-canto.org/958029/download,1:25
957406,Mohoua,albicilla,Whitehead,uncertain,https://xeno-canto.org/957406/download,1:25
957400,Mohoua,albicilla,Whitehead,uncertain,https://xeno-canto.org/957400/download,1:03
956961,Mohoua,albicilla,Whitehead,male,https://xeno-canto.org/956961/download,1:20
956960,Mohoua,albicilla,Whitehead,male,https://xeno-canto.org/956960/download,2:09
956682,Mohoua,albicilla,Whitehead,uncertain,https://xeno-canto.org/956682/download,0:55
956604,Mohoua,albicilla,Whitehead,uncertain,https://xeno-canto.org/956604/download,1:21
956602,Mohoua,albicilla,Whitehead,uncertain,https://xeno-canto.org/956602/download,1:29
843909,Mohoua,albicilla,Whitehead,uncertain,https://xeno-canto.org/843909/download,0:53
436728,Mohoua,albicilla,Whitehead,,https://xeno-canto.org/436728/download,0:51
403363,Mohoua,albicilla,Whitehead,male,https://xeno-canto.org/403363/download,0:38
348778,Mohoua,albicilla,Whitehead,,https://xeno-canto.org/348778/download,2:17
152936,Mohoua,albicilla,Whitehead,,https://xeno-canto.org/152936/download,0:22
62648,Mohoua,albicilla,Whitehead,,https://xeno-canto.org/62648/download,0:20
959528,Mohoua,albicilla,Whitehead,uncertain,https://xeno-canto.org/959528/download,1:27
959015,Mohoua,albicilla,Whitehead,uncertain,https://xeno-canto.org/959015/download,0:45
893949,Mohoua,albicilla,Whitehead,uncertain,https://xeno-canto.org/893949/download,0:34
892545,Mohoua,albicilla,Whitehead,uncertain,https://xeno-canto.org/892545/download,0:40
475979,Mohoua,albicilla,Whitehead,,https://xeno-canto.org/475979/download,1:02
466578,Mohoua,albicilla,Whitehead,,https://xeno-canto.org/466578/download,2:04
344382,Mohoua,albicilla,Whitehead,,https://xeno-canto.org/344382/download,1:12
295406,Mohoua,albicilla,Whitehead,,https://xeno-canto.org/295406/download,0:54
293308,Mohoua,albicilla,Whitehead,,https://xeno-canto.org/293308/download,1:34
293132,Mohoua,albicilla,Whitehead,,https://xeno-canto.org/293132/download,0:30
293105,Mohoua,albicilla,Whitehead,,https://xeno-canto.org/293105/download,1:18
206333,Mohoua,albicilla,Whitehead,,https://xeno-canto.org/206333/download,0:43
984431,Rhipidura,fuliginosa,Fantail,uncertain,https://xeno-canto.org/984431/download,0:40
960530,Rhipidura,fuliginosa,Fantail,male,https://xeno-canto.org/960530/download,3:24
959695,Rhipidura,fuliginosa,Fantail,uncertain,https://xeno-canto.org/959695/download,2:10
959523,Rhipidura,fuliginosa,Fantail,uncertain,https://xeno-canto.org/959523/download,1:02
959471,Rhipidura,fuliginosa,Fantail,uncertain,https://xeno-canto.org/959471/download,0:42
959470,Rhipidura,fuliginosa,Fantail,uncertain,https://xeno-canto.org/959470/download,0:40
958042,Rhipidura,fuliginosa,Fantail,male,https://xeno-canto.org/958042/download,3:10
956685,Rhipidura,fuliginosa,Fantail,uncertain,https://xeno-canto.org/956685/download,1:07
956326,Rhipidura,fuliginosa,Fantail,male,https://xeno-canto.org/956326/download,0:11
947410,Rhipidura,fuliginosa,Fantail,uncertain,https://xeno-canto.org/947410/download,0:17
405679,Rhipidura,fuliginosa,Fantail,,https://xeno-canto.org/405679/download,0:56
403123,Rhipidura,fuliginosa,Fantail,,https://xeno-canto.org/403123/download,1:26
348759,Rhipidura,fuliginosa,Fantail,,https://xeno-canto.org/348759/download,1:17
236295,Rhipidura,fuliginosa,Fantail,,https://xeno-canto.org/236295/download,0:17
962683,Rhipidura,fuliginosa,Fantail,uncertain,https://xeno-canto.org/962683/download,0:36
962317,Rhipidura,fuliginosa,Fantail,uncertain,https://xeno-canto.org/962317/download,0:08
959525,Rhipidura,fuliginosa,Fantail,uncertain,https://xeno-canto.org/959525/download,0:46
956325,Rhipidura,fuliginosa,Fantail,male,https://xeno-canto.org/956325/download,1:09
926860,Rhipidura,fuliginosa,Fantail,uncertain,https://xeno-canto.org/926860/download,0:36
926859,Rhipidura,fuliginosa,Fantail,uncertain,https://xeno-canto.org/926859/download,0:15
926858,Rhipidura,fuliginosa,Fantail,uncertain,https://xeno-canto.org/926858/download,6:28
533642,Rhipidura,fuliginosa,Fantail,,https://xeno-canto.org/533642/download,1:04
476167,Rhipidura,fuliginosa,Fantail,,https://xeno-canto.org/476167/download,0:28
295410,Rhipidura,fuliginosa,Fantail,,https://xeno-canto.org/295410/download,1:21
293153,Rhipidura,fuliginosa,Fantail,,https://xeno-canto.org/293153/download,0:54
207342,Rhipidura,fuliginosa,Fantail,,https://xeno-canto.org/207342/download,0:17
207333,Rhipidura,fuliginosa,Fantail,,https://xeno-canto.org/207333/download,0:16
207314,Rhipidura,fuliginosa,Fantail,,https://xeno-canto.org/207314/download,0:31
198868,Rhipidura,fuliginosa,Fantail,,https://xeno-canto.org/198868/download,1:38
152997,Rhipidura,fuliginosa,Fantail,,https://xeno-canto.org/152997/download,0:34
46595,Rhipidura,fuliginosa,Fantail,,https://xeno-canto.org/46595/download,1:01
961721,Petroica,macrocephala,Tomtit,"female, male",https://xeno-canto.org/961721/download,0:28
961719,Petroica,macrocephala,Tomtit,male,https://xeno-canto.org/961719/download,0:53
961716,Petroica,macrocephala,Tomtit,male,https://xeno-canto.org/961716/download,0:27
961715,Petroica,macrocephala,Tomtit,male,https://xeno-canto.org/961715/download,0:45
961714,Petroica,macrocephala,Tomtit,uncertain,https://xeno-canto.org/961714/download,1:46
961713,Petroica,macrocephala,Tomtit,uncertain,https://xeno-canto.org/961713/download,0:35
961712,Petroica,macrocephala,Tomtit,uncertain,https://xeno-canto.org/961712/download,0:37
961711,Petroica,macrocephala,Tomtit,uncertain,https://xeno-canto.org/961711/download,1:31
960629,Petroica,macrocephala,Tomtit,male,https://xeno-canto.org/960629/download,1:41
959461,Petroica,macrocephala,Tomtit,uncertain,https://xeno-canto.org/959461/download,0:43
922124,Petroica,macrocephala,Tomtit,uncertain,https://xeno-canto.org/922124/download,0:07
922123,Petroica,macrocephala,Tomtit,male,https://xeno-canto.org/922123/download,0:06
424082,Petroica,macrocephala,Tomtit,,https://xeno-canto.org/424082/download,0:32
348777,Petroica,macrocephala,Tomtit,,https://xeno-canto.org/348777/download,0:49
207341,Petroica,macrocephala,Tomtit,,https://xeno-canto.org/207341/download,0:27
206340,Petroica,macrocephala,Tomtit,,https://xeno-canto.org/206340/download,1:05
33768,Petroica,macrocephala,Tomtit,,https://xeno-canto.org/33768/download,0:47
961349,Petroica,macrocephala,Tomtit,uncertain,https://xeno-canto.org/961349/download,0:19
959269,Petroica,macrocephala,Tomtit,uncertain,https://xeno-canto.org/959269/download,4:21
925468,Petroica,macrocephala,Tomtit,male,https://xeno-canto.org/925468/download,1:37
857984,Petroica,macrocephala,Tomtit,male,https://xeno-canto.org/857984/download,1:04
481388,Petroica,macrocephala,Tomtit,,https://xeno-canto.org/481388/download,0:39
473405,Petroica,macrocephala,Tomtit,,https://xeno-canto.org/473405/download,0:23
473396,Petroica,macrocephala,Tomtit,,https://xeno-canto.org/473396/download,1:07
360588,Petroica,macrocephala,Tomtit,,https://xeno-canto.org/360588/download,0:39
207330,Petroica,macrocephala,Tomtit,,https://xeno-canto.org/207330/download,0:37
207000,Petroica,macrocephala,Tomtit,,https://xeno-canto.org/207000/download,0:22
206995,Petroica,macrocephala,Tomtit,,https://xeno-canto.org/206995/download,0:21
75790,Petroica,macrocephala,Tomtit,,https://xeno-canto.org/75790/download,0:42
960637,Petroica,longipes,Robin,male,https://xeno-canto.org/960637/download,2:08
959433,Petroica,longipes,Robin,uncertain,https://xeno-canto.org/959433/download,2:28
959432,Petroica,longipes,Robin,uncertain,https://xeno-canto.org/959432/download,1:11
959430,Petroica,longipes,Robin,male,https://xeno-canto.org/959430/download,3:09
959318,Petroica,longipes,Robin,uncertain,https://xeno-canto.org/959318/download,1:46
959290,Petroica,longipes,Robin,uncertain,https://xeno-canto.org/959290/download,2:09
474058,Petroica,longipes,Robin,,https://xeno-canto.org/474058/download,1:49
474049,Petroica,longipes,Robin,,https://xeno-canto.org/474049/download,1:13
474043,Petroica,longipes,Robin,,https://xeno-canto.org/474043/download,1:48
436726,Petroica,longipes,Robin,,https://xeno-canto.org/436726/download,0:34
348784,Petroica,longipes,Robin,,https://xeno-canto.org/348784/download,1:29
348754,Petroica,longipes,Robin,,https://xeno-canto.org/348754/download,1:25
344825,Petroica,longipes,Robin,,https://xeno-canto.org/344825/download,2:11
152940,Petroica,longipes,Robin,,https://xeno-canto.org/152940/download,0:46
114332,Petroica,longipes,Robin,,https://xeno-canto.org/114332/download,0:36
33755,Petroica,longipes,Robin,,https://xeno-canto.org/33755/download,1:08
960633,Petroica,longipes,Robin,male,https://xeno-canto.org/960633/download,2:51
892547,Petroica,longipes,Robin,uncertain,https://xeno-canto.org/892547/download,0:09
843614,Petroica,longipes,Robin,uncertain,https://xeno-canto.org/843614/download,2:43
341679,Petroica,longipes,Robin,,https://xeno-canto.org/341679/download,2:09
293114,Petroica,longipes,Robin,,https://xeno-canto.org/293114/download,1:43
206322,Petroica,longipes,Robin,,https://xeno-canto.org/206322/download,1:08
842721,Petroica,australis,Robin,male,https://xeno-canto.org/842721/download,3:35
500859,Petroica,australis,Robin,,https://xeno-canto.org/500859/download,0:53
500858,Petroica,australis,Robin,,https://xeno-canto.org/500858/download,0:43
500856,Petroica,australis,Robin,,https://xeno-canto.org/500856/download,1:41
114334,Petroica,australis,Robin,,https://xeno-canto.org/114334/download,1:10
112820,Petroica,australis,Robin,,https://xeno-canto.org/112820/download,1:06
33769,Petroica,australis,Robin,,https://xeno-canto.org/33769/download,0:20
842720,Petroica,australis,Robin,uncertain,https://xeno-canto.org/842720/download,2:38
288040,Petroica,australis,Robin,,https://xeno-canto.org/288040/download,0:22
207331,Petroica,australis,Robin,,https://xeno-canto.org/207331/download,1:16
75779,Petroica,australis,Robin,,https://xeno-canto.org/75779/download,0:42
963604,Zosterops,lateralis,Silvereye,male,https://xeno-canto.org/963604/download,1:10
962316,Zosterops,lateralis,Silvereye,uncertain,https://xeno-canto.org/962316/download,0:52
962315,Zosterops,lateralis,Silvereye,uncertain,https://xeno-canto.org/962315/download,2:16
959431,Zosterops,lateralis,Silvereye,uncertain,https://xeno-canto.org/959431/download,1:09
927356,Zosterops,lateralis,Silvereye,male,https://xeno-canto.org/927356/download,2:36
927353,Zosterops,lateralis,Silvereye,male,https://xeno-canto.org/927353/download,12:49
927352,Zosterops,lateralis,Silvereye,male,https://xeno-canto.org/927352/download,5:42
395990,Zosterops,lateralis,Silvereye,,https://xeno-canto.org/395990/download,0:21
378289,Zosterops,lateralis,Silvereye,,https://xeno-canto.org/378289/download,1:36
153007,Zosterops,lateralis,Silvereye,,https://xeno-canto.org/153007/download,0:43
46608,Zosterops,lateralis,Silvereye,,https://xeno-canto.org/46608/download,2:33
960626,Zosterops,lateralis,Silvereye,uncertain,https://xeno-canto.org/960626/download,1:16
638196,Zosterops,lateralis,Silvereye,male,https://xeno-canto.org/638196/download,0:56
295420,Zosterops,lateralis,Silvereye,,https://xeno-canto.org/295420/download,1:14
206481,Zosterops,lateralis,Silvereye,,https://xeno-canto.org/206481/download,0:44
958223,Ninox,novaeseelandiae,Morepork,uncertain,https://xeno-canto.org/958223/download,2:11
822362,Ninox,novaeseelandiae,Morepork,,https://xeno-canto.org/822362/download,1:28
671231,Ninox,novaeseelandiae,Morepork,uncertain,https://xeno-canto.org/671231/download,0:41
553073,Ninox,novaeseelandiae,Morepork,,https://xeno-canto.org/553073/download,0:54
528047,Ninox,novaeseelandiae,Morepork,,https://xeno-canto.org/528047/download,0:56
526193,Ninox,novaeseelandiae,Morepork,,https://xeno-canto.org/526193/download,0:25
498090,Ninox,novaeseelandiae,Morepork,,https://xeno-canto.org/498090/download,1:04
404836,Ninox,novaeseelandiae,Morepork,,https://xeno-canto.org/404836/download,0:30
402874,Ninox,novaeseelandiae,Morepork,,https://xeno-canto.org/402874/download,0:16
348763,Ninox,novaeseelandiae,Morepork,,https://xeno-canto.org/348763/download,1:23
118419,Ninox,novaeseelandiae,Morepork,,https://xeno-canto.org/118419/download,0:22
956468,Ninox,novaeseelandiae,Morepork,uncertain,https://xeno-canto.org/956468/download,2:16
956467,Ninox,novaeseelandiae,Morepork,uncertain,https://xeno-canto.org/956467/download,0:52
956466,Ninox,novaeseelandiae,Morepork,uncertain,https://xeno-canto.org/956466/download,0:28
530813,Ninox,novaeseelandiae,Morepork,uncertain,https://xeno-canto.org/530813/download,0:09
466597,Ninox,novaeseelandiae,Morepork,,https://xeno-canto.org/466597/download,1:55
388899,Ninox,novaeseelandiae,Morepork,,https://xeno-canto.org/388899/download,0:30
345369,Ninox,novaeseelandiae,Morepork,,https://xeno-canto.org/345369/download,0:04
185968,Ninox,novaeseelandiae,Morepork,,https://xeno-canto.org/185968/download,0:23
123275,Ninox,novaeseelandiae,Morepork,,https://xeno-canto.org/123275/download,0:05
959284,Nestor,meridionalis,Kaka,uncertain,https://xeno-canto.org/959284/download,0:45
959281,Nestor,meridionalis,Kaka,uncertain,https://xeno-canto.org/959281/download,1:46
959278,Nestor,meridionalis,Kaka,uncertain,https://xeno-canto.org/959278/download,0:23
959275,Nestor,meridionalis,Kaka,uncertain,https://xeno-canto.org/959275/download,1:18
959271,Nestor,meridionalis,Kaka,uncertain,https://xeno-canto.org/959271/download,0:45
959270,Nestor,meridionalis,Kaka,uncertain,https://xeno-canto.org/959270/download,4:22
853668,Nestor,meridionalis,Kaka,uncertain,https://xeno-canto.org/853668/download,1:53
776552,Nestor,meridionalis,Kaka,uncertain,https://xeno-canto.org/776552/download,0:41
526606,Nestor,meridionalis,Kaka,,https://xeno-canto.org/526606/download,0:13
526605,Nestor,meridionalis,Kaka,,https://xeno-canto.org/526605/download,0:43
378285,Nestor,meridionalis,Kaka,,https://xeno-canto.org/378285/download,0:23
378284,Nestor,meridionalis,Kaka,,https://xeno-canto.org/378284/download,0:37
378283,Nestor,meridionalis,Kaka,,https://xeno-canto.org/378283/download,2:13
378282,Nestor,meridionalis,Kaka,,https://xeno-canto.org/378282/download,0:29
293110,Nestor,meridionalis,Kaka,,https://xeno-canto.org/293110/download,0:11
207335,Nestor,meridionalis,Kaka,,https://xeno-canto.org/207335/download,3:32
207311,Nestor,meridionalis,Kaka,,https://xeno-canto.org/207311/download,2:22
152946,Nestor,meridionalis,Kaka,,https://xeno-canto.org/152946/download,0:44
925379,Nestor,meridionalis,Kaka,uncertain,https://xeno-canto.org/925379/download,0:48
843574,Nestor,meridionalis,Kaka,uncertain,https://xeno-canto.org/843574/download,0:20
526604,Nestor,meridionalis,Kaka,,https://xeno-canto.org/526604/download,0:22
526603,Nestor,meridionalis,Kaka,,https://xeno-canto.org/526603/download,0:10
526602,Nestor,meridionalis,Kaka,,https://xeno-canto.org/526602/download,0:12
526601,Nestor,meridionalis,Kaka,,https://xeno-canto.org/526601/download,0:15
473412,Nestor,meridionalis,Kaka,,https://xeno-canto.org/473412/download,4:09
341676,Nestor,meridionalis,Kaka,,https://xeno-canto.org/341676/download,0:44
293835,Nestor,meridionalis,Kaka,,https://xeno-canto.org/293835/download,0:39
198513,Nestor,meridionalis,Kaka,,https://xeno-canto.org/198513/download,0:35
198297,Nestor,meridionalis,Kaka,,https://xeno-canto.org/198297/download,0:01
123234,Nestor,meridionalis,Kaka,,https://xeno-canto.org/123234/download,0:01
37193,Nestor,meridionalis,Kaka,,https://xeno-canto.org/37193/download,0:27
37192,Nestor,meridionalis,Kaka,,https://xeno-canto.org/37192/download,0:32
983507,Prosthemadera,novaeseelandiae,Tui,uncertain,https://xeno-canto.org/983507/download,2:34
956970,Prosthemadera,novaeseelandiae,Tui,male,https://xeno-canto.org/956970/download,2:24
956546,Prosthemadera,novaeseelandiae,Tui,male,https://xeno-canto.org/956546/download,2:33
956544,Prosthemadera,novaeseelandiae,Tui,male,https://xeno-canto.org/956544/download,0:46
927458,Prosthemadera,novaeseelandiae,Tui,uncertain,https://xeno-canto.org/927458/download,0:14
927437,Prosthemadera,novaeseelandiae,Tui,uncertain,https://xeno-canto.org/927437/download,0:04
853667,Prosthemadera,novaeseelandiae,Tui,uncertain,https://xeno-canto.org/853667/download,1:18
845168,Prosthemadera,novaeseelandiae,Tui,uncertain,https://xeno-canto.org/845168/download,2:47
842496,Prosthemadera,novaeseelandiae,Tui,male,https://xeno-canto.org/842496/download,0:49
796784,Prosthemadera,novaeseelandiae,Tui,uncertain,https://xeno-canto.org/796784/download,1:09
960624,Prosthemadera,novaeseelandiae,Tui,male,https://xeno-canto.org/960624/download,0:37
951675,Prosthemadera,novaeseelandiae,Tui,male,https://xeno-canto.org/951675/download,2:45
950871,Prosthemadera,novaeseelandiae,Tui,male,https://xeno-canto.org/950871/download,0:50
388889,Prosthemadera,novaeseelandiae,Tui,,https://xeno-canto.org/388889/download,0:24
185782,Prosthemadera,novaeseelandiae,Tui,,https://xeno-canto.org/185782/download,0:08
1019677,Anthornis,melanura,Bellbird,uncertain,https://xeno-canto.org/1019677/download,0:07
957122,Anthornis,melanura,Bellbird,uncertain,https://xeno-canto.org/957122/download,2:20
845169,Anthornis,melanura,Bellbird,uncertain,https://xeno-canto.org/845169/download,0:23
842765,Anthornis,melanura,Bellbird,uncertain,https://xeno-canto.org/842765/download,1:00
842761,Anthornis,melanura,Bellbird,uncertain,https://xeno-canto.org/842761/download,1:15
842494,Anthornis,melanura,Bellbird,male,https://xeno-canto.org/842494/download,0:40
794900,Anthornis,melanura,Bellbird,,https://xeno-canto.org/794900/download,0:30
602854,Anthornis,melanura,Bellbird,male,https://xeno-canto.org/602854/download,0:58
428661,Anthornis,melanura,Bellbird,,https://xeno-canto.org/428661/download,0:34
428588,Anthornis,melanura,Bellbird,,https://xeno-canto.org/428588/download,0:31
288036,Anthornis,melanura,Bellbird,,https://xeno-canto.org/288036/download,0:10
198854,Anthornis,melanura,Bellbird,,https://xeno-canto.org/198854/download,0:34
196871,Anthornis,melanura,Bellbird,,https://xeno-canto.org/196871/download,0:02
114335,Anthornis,melanura,Bellbird,,https://xeno-canto.org/114335/download,0:39
951566,Anthornis,melanura,Bellbird,uncertain,https://xeno-canto.org/951566/download,3:24
933271,Anthornis,melanura,Bellbird,uncertain,https://xeno-canto.org/933271/download,0:54
198885,Anthornis,melanura,Bellbird,,https://xeno-canto.org/198885/download,0:17
186458,Anthornis,melanura,Bellbird,,https://xeno-canto.org/186458/download,0:09
163449,Anthornis,melanura,Bellbird,,https://xeno-canto.org/163449/download,0:26
960640,Philesturnus,rufusater,Saddleback,male,https://xeno-canto.org/960640/download,0:31
956955,Philesturnus,rufusater,Saddleback,uncertain,https://xeno-canto.org/956955/download,1:50
670597,Philesturnus,rufusater,Saddleback,,https://xeno-canto.org/670597/download,2:52
295405,Philesturnus,rufusater,Saddleback,,https://xeno-canto.org/295405/download,0:06
33758,Philesturnus,rufusater,Saddleback,,https://xeno-canto.org/33758/download,0:51
925456,Philesturnus,rufusater,Saddleback,,https://xeno-canto.org/925456/download,0:23
295411,Philesturnus,rufusater,Saddleback,,https://xeno-canto.org/295411/download,1:20
293357,Philesturnus,rufusater,Saddleback,,https://xeno-canto.org/293357/download,0:14
293316,Philesturnus,rufusater,Saddleback,,https://xeno-canto.org/293316/download,0:49
206325,Philesturnus,rufusater,Saddleback,,https://xeno-canto.org/206325/download,0:10
185965,Philesturnus,rufusater,Saddleback,,https://xeno-canto.org/185965/download,0:06
112765,Philesturnus,carunculatus,Saddleback,"female, male",https://xeno-canto.org/112765/download,1:46
959009,Mohoua,albicilla,Whitehead,"female, male",https://xeno-canto.org/959009/download,0:27
794904,Mohoua,albicilla,Whitehead,uncertain,https://xeno-canto.org/794904/download,0:13
475986,Mohoua,albicilla,Whitehead,,https://xeno-canto.org/475986/download,0:26
403368,Mohoua,albicilla,Whitehead,,https://xeno-canto.org/403368/download,0:13
214595,Mohoua,albicilla,Whitehead,,https://xeno-canto.org/214595/download,0:27
123243,Mohoua,albicilla,Whitehead,,https://xeno-canto.org/123243/download,0:10
33761,Mohoua,albicilla,Whitehead,,https://xeno-canto.org/33761/download,0:44
33760,Mohoua,albicilla,Whitehead,,https://xeno-canto.org/33760/download,0:20
481078,Mohoua,albicilla,Whitehead,,https://xeno-canto.org/481078/download,1:28
293307,Mohoua,albicilla,Whitehead,,https://xeno-canto.org/293307/download,0:35
956729,Rhipidura,fuliginosa,Fantail,male,https://xeno-canto.org/956729/download,2:02
537843,Rhipidura,fuliginosa,Fantail,,https://xeno-canto.org/537843/download,0:12
537841,Rhipidura,fuliginosa,Fantail,,https://xeno-canto.org/537841/download,0:19
526607,Rhipidura,fuliginosa,Fantail,,https://xeno-canto.org/526607/download,0:18
431811,Rhipidura,fuliginosa,Fantail,,https://xeno-canto.org/431811/download,0:05
331535,Rhipidura,fuliginosa,Fantail,,https://xeno-canto.org/331535/download,1:25
152948,Rhipidura,fuliginosa,Fantail,,https://xeno-canto.org/152948/download,0:19
926857,Rhipidura,fuliginosa,Fantail,,https://xeno-canto.org/926857/download,1:23
892541,Rhipidura,fuliginosa,Fantail,uncertain,https://xeno-canto.org/892541/download,0:28
562519,Rhipidura,fuliginosa,Fantail,,https://xeno-canto.org/562519/download,0:03
206476,Rhipidura,fuliginosa,Fantail,,https://xeno-canto.org/206476/download,0:22
46594,Rhipidura,fuliginosa,Fantail,,https://xeno-canto.org/46594/download,0:38
960627,Petroica,macrocephala,Tomtit,male,https://xeno-canto.org/960627/download,1:43
198880,Petroica,macrocephala,Tomtit,,https://xeno-canto.org/198880/download,0:14
198153,Petroica,macrocephala,Tomtit,,https://xeno-canto.org/198153/download,0:16
927426,Petroica,macrocephala,Tomtit,uncertain,https://xeno-canto.org/927426/download,0:06
927425,Petroica,macrocephala,Tomtit,uncertain,https://xeno-canto.org/927425/download,0:15
927424,Petroica,macrocephala,Tomtit,uncertain,https://xeno-canto.org/927424/download,0:12
927423,Petroica,macrocephala,Tomtit,uncertain,https://xeno-canto.org/927423/download,0:12
795082,Petroica,macrocephala,Tomtit,uncertain,https://xeno-canto.org/795082/download,0:30
795079,Petroica,macrocephala,Tomtit,uncertain,https://xeno-canto.org/795079/download,1:37
378231,Petroica,macrocephala,Tomtit,,https://xeno-canto.org/378231/download,0:16
959276,Petroica,longipes,Robin,uncertain,https://xeno-canto.org/959276/download,3:16
237583,Petroica,longipes,Robin,,https://xeno-canto.org/237583/download,1:43
183186,Petroica,longipes,Robin,,https://xeno-canto.org/183186/download,0:24
796378,Petroica,australis,Robin,uncertain,https://xeno-canto.org/796378/download,1:45
293067,Petroica,australis,Robin,,https://xeno-canto.org/293067/download,0:14
925466,Petroica,australis,Robin,uncertain,https://xeno-canto.org/925466/download,0:35
473398,Petroica,australis,Robin,,https://xeno-canto.org/473398/download,0:02
198515,Petroica,australis,Robin,,https://xeno-canto.org/198515/download,0:12
938198,Zosterops,lateralis,Silvereye,uncertain,https://xeno-canto.org/938198/download,1:45
821562,Zosterops,lateralis,Silvereye,uncertain,https://xeno-canto.org/821562/download,0:57
821561,Zosterops,lateralis,Silvereye,uncertain,https://xeno-canto.org/821561/download,0:55
562518,Zosterops,lateralis,Silvereye,,https://xeno-canto.org/562518/download,0:16
537896,Zosterops,lateralis,Silvereye,,https://xeno-canto.org/537896/download,0:29
526619,Zosterops,lateralis,Silvereye,,https://xeno-canto.org/526619/download,0:19
405672,Zosterops,lateralis,Silvereye,,https://xeno-canto.org/405672/download,1:03
405671,Zosterops,lateralis,Silvereye,,https://xeno-canto.org/405671/download,1:57
198890,Zosterops,lateralis,Silvereye,,https://xeno-canto.org/198890/download,0:54
925465,Zosterops,lateralis,Silvereye,uncertain,https://xeno-canto.org/925465/download,2:26
404855,Zosterops,lateralis,Silvereye,male,https://xeno-canto.org/404855/download,0:10
378227,Zosterops,lateralis,Silvereye,,https://xeno-canto.org/378227/download,0:32
352942,Zosterops,lateralis,Silvereye,,https://xeno-canto.org/352942/download,1:04
46593,Zosterops,lateralis,Silvereye,,https://xeno-canto.org/46593/download,0:33
46591,Zosterops,lateralis,Silvereye,,https://xeno-canto.org/46591/download,0:28
842723,Anthornis,melanura,Bellbird,uncertain,https://xeno-canto.org/842723/download,1:06
431810,Anthornis,melanura,Bellbird,,https://xeno-canto.org/431810/download,0:21
431809,Anthornis,melanura,Bellbird,,https://xeno-canto.org/431809/download,0:07
214593,Petroica,longipes,Robin,,https://xeno-canto.org/214593/download,0:13
428584,Petroica,australis,Robin,,https://xeno-canto.org/428584/download,0:23
